Age,Male,Female
0,427988.5,409793.5
1,433498.5,415388
2,437974,419733
3,438601.5,421759.5
4,429450,413252
5,426420,409811.5
6,425131,409046.5
7,423593,408001
8,422667.5,407469
9,420150,405212.5
10,420197,405132.5
11,418523,403594.5
12,419692.5,404695
13,418339.5,403444.5
14,420598.5,405409.5
15,424198.5,408758.5
16,431518.5,415519
17,440622,423512.5
18,442587.5,424391.5
19,442613.5,423116.5
20,430769.5,410099.5
21,370176,351232.5
22,318749.5,301591
23,316354,298285.5
24,305704.5,287588.5
25,282971.5,265766
26,278930,261646
27,299690,281054.5
28,310463.5,291919.5
29,311120.5,294328
30,315548,300076
31,318200.5,303998.5
32,325201,311594
33,330726.5,317495.5
34,337133,323979
35,344212,331127
36,349655.5,336559.5
37,347582,335259
38,340055,329523.5
39,338564.5,330214
40,336755.5,330980.5
41,336435,333418.5
42,331637.5,331033
43,327382.5,328973.5
44,326898,330603
45,330392.5,336281.5
46,338353,345349
47,274718.5,281620.5
48,194901,201588.5
49,171979,179210
50,156939.5,164678
51,170722,180061
52,233967.5,248263
53,279902.5,297925
54,281836,301218
55,272764,292900
56,269424,290843.5
57,272873.5,296933
58,269225,295372.5
59,262045,290657
60,255172,286077
61,251736,285012.5
62,245514,281704.5
63,238223,277680
64,232977.5,276366
65,226044.5,274014
66,211535,263998
67,196753,254134.5
68,181544,244966.5
69,166380.5,237791.5
70,153396.5,233762.5
71,134473.5,218282
72,119193.5,204438.5
73,111715.5,199739.5
74,101824,187051
75,93702,174403
76,86171,163638.5
77,79467.5,154286.5
78,73374,145635
79,65640,133262.5
80,58065.5,118943.5
81,50919,107062.5
82,44214,96072
83,37183.5,83555.5
84,30898.5,72269.5
85,25678.5,61664
86,20599,50518.5
87,16446.5,41236
88,12912.5,33248.5
89,9993,26403.5
90,7477,20424.5
91,5267,15182
92,3682,11035.5
93,2400.5,7740
94,1562,5492.5
95,961,3428.5
96,627,2181.5
97,391,1431.5
98,212.5,811.5
99,115,482
100,110.5,620