x,n,Pop.Sweden,Pop.Kazakhstan,Deaths.Sweden,Deaths.Kazakhstan
0,1,59727,174078,279,3720
1,4,229775,754758,42,1220
5,5,245172,879129,31,396
10,5,240110,808510,33,298
15,5,264957,720161,61,561
20,5,287176,622988,87,673
25,5,311111,733057,98,752
30,5,280991,732312,140,965
35,5,286899,612825,197,1113
40,5,308238,487996,362,1405
45,5,320172,284799,643,1226
50,5,242230,503608,738,2878
55,5,210785,301879,972,3266
60,5,216058,374317,1640,5212
65,5,224479,256247,2752,6866
70,5,222578,154623,4509,6182
75,5,184102,149917,6745,8199
80,5,140667,88716,9587,9013
85,,110242,58940,17340,10627